diameter_mm,opacity,similarity
1.0,0.0,0.3643446929399651
1.0,0.02564102564102564,0.3816177793722968
1.0,0.05128205128205128,0.44782595862756913
1.0,0.07692307692307693,0.507834782589953
1.0,0.10256410256410256,0.560849756671843
1.0,0.1282051282051282,0.6066707751269504
1.0,0.15384615384615385,0.645573149297634
1.0,0.1794871794871795,0.6781449935208453
1.0,0.20512820512820512,0.7051368435179851
1.0,0.23076923076923075,0.7273437887231284
1.0,0.2564102564102564,0.7455287930704878
1.0,0.28205128205128205,0.7603810720514944
1.0,0.3076923076923077,0.7724987170206118
1.0,0.3333333333333333,0.7823873905498274
1.0,0.358974358974359,0.7904669487976431
1.0,0.3846153846153846,0.7970819019129225
1.0,0.41025641025641024,0.8025125872351977
1.0,0.4358974358974359,0.8069865518225675
1.0,0.4615384615384615,0.810687647648778
1.0,0.48717948717948717,0.8137645533660746
1.0,0.5128205128205128,0.8163374532012017
1.0,0.5384615384615384,0.8185034396345751
1.0,0.5641025641025641,0.8203412096466653
1.0,0.5897435897435898,0.8219147561809045
1.0,0.6153846153846154,0.8232758850875949
1.0,0.641025641025641,0.8244667238108422
1.0,0.6666666666666666,0.8255214954546594
1.0,0.6923076923076923,0.8264682589930062
1.0,0.717948717948718,0.8273295295263955
1.0,0.7435897435897436,0.8281235379459808
1.0,0.7692307692307692,0.8288650765549662
1.0,0.7948717948717948,0.8295657068244026
1.0,0.8205128205128205,0.8302344682232123
1.0,0.8461538461538461,0.8308783324599572
1.0,0.8717948717948718,0.8315021268790029
1.0,0.8974358974358974,0.8321091439162442
1.0,0.923076923076923,0.8327009964967844
1.0,0.9487179487179487,0.8332778325238712
1.0,0.9743589743589743,0.8338384148033904
1.0,1.0,0.8343800574104024
1.0512820512820513,0.0,0.3643446929399651
1.0512820512820513,0.02564102564102564,0.38334899790227045
1.0512820512820513,0.05128205128205128,0.4512272693854335
1.0512820512820513,0.07692307692307693,0.5127811047549274
1.0512820512820513,0.10256410256410256,0.5671756876671128
1.0512820512820513,0.1282051282051282,0.6141951493482073
1.0512820512820513,0.15384615384615385,0.6541184832110175
1.0512820512820513,0.1794871794871795,0.6875505720530912
1.0512820512820513,0.20512820512820512,0.7152643785377104
1.0512820512820513,0.23076923076923075,0.7380791432608041
1.0512820512820513,0.2564102564102564,0.7567800900348262
1.0512820512820513,0.28205128205128205,0.7720756319766809
1.0512820512820513,0.3076923076923077,0.7845797963809449
1.0512820512820513,0.3333333333333333,0.7948111354960468
1.0512820512820513,0.358974358974359,0.8031994013179168
1.0512820512820513,0.3846153846153846,0.8100968747823969
1.0512820512820513,0.41025641025641024,0.8157902852591026
1.0512820512820513,0.4358974358974359,0.8205118132652197
1.0512820512820513,0.4615384615384615,0.8244489519606744
1.0512820512820513,0.48717948717948717,0.8277533222111598
1.0512820512820513,0.5128205128205128,0.8305472424327008
1.0512820512820513,0.5384615384615384,0.8329297551552727
1.0512820512820513,0.5641025641025641,0.8349808610321996
1.0512820512820513,0.5897435897435898,0.8367656050943646
1.0512820512820513,0.6153846153846154,0.8383366945074304
1.0512820512820513,0.641025641025641,0.839737000187026
1.0512820512820513,0.6666666666666666,0.841001368036526
1.0512820512820513,0.6923076923076923,0.8421581609237939
1.0512820512820513,0.717948717948718,0.8432301596704554
1.0512820512820513,0.7435897435897436,0.8442360764733357
1.0512820512820513,0.7692307692307692,0.8451905979243628
1.0512820512820513,0.7948717948717948,0.8461055408010931
1.0512820512820513,0.8205128205128205,0.8469900088180453
1.0512820512820513,0.8461538461538461,0.8478507422244456
1.0512820512820513,0.8717948717948718,0.8486926394535569
1.0512820512820513,0.8974358974358974,0.8495187824568778
1.0512820512820513,0.923076923076923,0.8503303897846515
1.0512820512820513,0.9487179487179487,0.851127405756919
1.0512820512820513,0.9743589743589743,0.8519081449682707
1.0512820512820513,1.0,0.8526694221785416
1.1025641025641026,0.0,0.3643446929399651
1.1025641025641026,0.02564102564102564,0.3871913673238242
1.1025641025641026,0.05128205128205128,0.4587404319555108
1.1025641025641026,0.07692307692307693,0.5236438323066231
1.1025641025641026,0.10256410256410256,0.5809745997230259
1.1025641025641026,0.1282051282051282,0.6304854048993432
1.1025641025641026,0.15384615384615385,0.6724723703764651
1.1025641025641026,0.1794871794871795,0.7075868732879762
1.1025641025641026,0.20512820512820512,0.7366619475867271
1.1025641025641026,0.23076923076923075,0.7605770501832121
1.1025641025641026,0.2564102564102564,0.7801727887816384
1.1025641025641026,0.28205128205128205,0.7962041206706922
1.1025641025641026,0.3076923076923077,0.8093225881046933
1.1025641025641026,0.3333333333333333,0.8200761451983143
1.1025641025641026,0.358974358974359,0.8289177154172309
1.1025641025641026,0.3846153846153846,0.8362169035032365
1.1025641025641026,0.41025641025641024,0.8422736869712683
1.1025641025641026,0.4358974358974359,0.847330393291131
1.1025641025641026,0.4615384615384615,0.8515821744652188
1.1025641025641026,0.48717948717948717,0.8551865365987921
1.1025641025641026,0.5128205128205128,0.8582704207479938
1.1025641025641026,0.5384615384615384,0.8609362032555901
1.1025641025641026,0.5641025641025641,0.8632667800420404
1.1025641025641026,0.5897435897435898,0.8653293428078085
1.1025641025641026,0.6153846153846154,0.8671783483898601
1.1025641025641026,0.641025641025641,0.8688579977447389
1.1025641025641026,0.6666666666666666,0.8704044169256027
1.1025641025641026,0.6923076923076923,0.8718468081300642
1.1025641025641026,0.717948717948718,0.8732089019738758
1.1025641025641026,0.7435897435897436,0.8745099488170753
1.1025641025641026,0.7692307692307692,0.8757653654214178
1.1025641025641026,0.7948717948717948,0.8769873903454752
1.1025641025641026,0.8205128205128205,0.8781855957712845
1.1025641025641026,0.8461538461538461,0.8793671408955407
1.1025641025641026,0.8717948717948718,0.8805372638492468
1.1025641025641026,0.8974358974358974,0.8816992354287521
1.1025641025641026,0.923076923076923,0.8828547088124911
1.1025641025641026,0.9487179487179487,0.8840036788381179
1.1025641025641026,0.9743589743589743,0.8851445550722367
1.1025641025641026,1.0,0.886274271664454
1.1538461538461537,0.0,0.3643446929399651
1.1538461538461537,0.02564102564102564,0.3916960350699539
1.1538461538461537,0.05128205128205128,0.4673909996919289
1.1538461538461537,0.07692307692307693,0.5358784950463875
1.1538461538461537,0.10256410256410256,0.5961343636271969
1.1538461538461537,0.1282051282051282,0.6479096004128032
1.1538461538461537,0.15384615384615385,0.6915675646699609
1.1538461538461537,0.1794871794871795,0.7278618853781074
1.1538461538461537,0.20512820512820512,0.7577347537132493
1.1538461538461537,0.23076923076923075,0.7821644719856095
1.1538461538461537,0.2564102564102564,0.8020730616844213
1.1538461538461537,0.28205128205128205,0.8182786403059936
1.1538461538461537,0.3076923076923077,0.8314793852734716
1.1538461538461537,0.3333333333333333,0.842256902529564
1.1538461538461537,0.358974358974359,0.8510870439756867
1.1538461538461537,0.3846153846153846,0.8583554709504911
1.1538461538461537,0.41025641025641024,0.8643727123590627
1.1538461538461537,0.4358974358974359,0.8693879050118455
1.1538461538461537,0.4615384615384615,0.8736007357769989
1.1538461538461537,0.48717948717948717,0.8771712219036738
1.1538461538461537,0.5128205128205128,0.8802277110587129
1.1538461538461537,0.5384615384615384,0.8828733477558838
1.1538461538461537,0.5641025641025641,0.8851912187545189
1.1538461538461537,0.5897435897435898,0.8872482966035408
1.1538461538461537,0.6153846153846154,0.8890987222144973
1.1538461538461537,0.641025641025641,0.8907863638031208
1.1538461538461537,0.6666666666666666,0.8923465796884799
1.1538461538461537,0.6923076923076923,0.8938081446968452
1.1538461538461537,0.717948717948718,0.8951941714383876
1.1538461538461537,0.7435897435897436,0.8965232317826269
1.1538461538461537,0.7692307692307692,0.8978101379464294
1.1538461538461537,0.7948717948717948,0.8990664581292637
1.1538461538461537,0.8205128205128205,0.9003011446091481
1.1538461538461537,0.8461538461538461,0.9015205991113638
1.1538461538461537,0.8717948717948718,0.9027293156109479
1.1538461538461537,0.8974358974358974,0.9039297526207637
1.1538461538461537,0.923076923076923,0.9051227418892065
1.1538461538461537,0.9487179487179487,0.9063073139413946
1.1538461538461537,0.9743589743589743,0.9074808562638164
1.1538461538461537,1.0,0.9086390363354837
1.205128205128205,0.0,0.3643446929399651
1.205128205128205,0.02564102564102564,0.39604953657466063
1.205128205128205,0.05128205128205128,0.47590938825491463
1.205128205128205,0.07692307692307693,0.5481805486173854
1.205128205128205,0.10256410256410256,0.6117165288698295
1.205128205128205,0.1282051282051282,0.6662242432655777
1.205128205128205,0.15384615384615385,0.7120867813435521
1.205128205128205,0.1794871794871795,0.7501154165705939
1.205128205128205,0.20512820512820512,0.7813269611582209
1.205128205128205,0.23076923076923075,0.8067757714180444
1.205128205128205,0.2564102564102564,0.8274519425755964
1.205128205128205,0.28205128205128205,0.8442307690241269
1.205128205128205,0.3076923076923077,0.8578563083207303
1.205128205128205,0.3333333333333333,0.8689458042964163
1.205128205128205,0.358974358974359,0.878002530536734
1.205128205128205,0.3846153846153846,0.8854329590325024
1.205128205128205,0.41025641025641024,0.8915632270283941
1.205128205128205,0.4358974358974359,0.8966542797270494
1.205128205128205,0.4615384615384615,0.9009145978449485
1.205128205128205,0.48717948717948717,0.9045109971297178
1.205128205128205,0.5128205128205128,0.9075769536420761
1.205128205128205,0.5384615384615384,0.9102194894794801
1.205128205128205,0.5641025641025641,0.9125246406935259
1.205128205128205,0.5897435897435898,0.9145617260395146
1.205128205128205,0.6153846153846154,0.9163868203742497
1.205128205128205,0.641025641025641,0.9180451979414906
1.205128205128205,0.6666666666666666,0.9195735029909644
1.205128205128205,0.6923076923076923,0.9210014005474657
1.205128205128205,0.717948717948718,0.9223529394472932
1.205128205128205,0.7435897435897436,0.9236474705066043
1.205128205128205,0.7692307692307692,0.924900517489203
1.205128205128205,0.7948717948717948,0.926124269739204
1.205128205128205,0.8205128205128205,0.9273283212292682
1.205128205128205,0.8461538461538461,0.9285198653689578
1.205128205128205,0.8717948717948718,0.9297040304170363
1.205128205128205,0.8974358974358974,0.9308840159344086
1.205128205128205,0.923076923076923,0.932061542893386
1.205128205128205,0.9487179487179487,0.9332364599712143
1.205128205128205,0.9743589743589743,0.9344072414393464
1.205128205128205,1.0,0.9355706948124032
1.2564102564102564,0.0,0.3643446929399651
1.2564102564102564,0.02564102564102564,0.39990417024218333
1.2564102564102564,0.05128205128205128,0.4833852881369122
1.2564102564102564,0.07692307692307693,0.5588579550115444
1.2564102564102564,0.10256410256410256,0.6250677323586301
1.2564102564102564,0.1282051282051282,0.6816969777155851
1.2564102564102564,0.15384615384615385,0.7291653850481316
1.2564102564102564,0.1794871794871795,0.7683574754247832
1.2564102564102564,0.20512820512820512,0.8003736100210807
1.2564102564102564,0.23076923076923075,0.8263485635000994
1.2564102564102564,0.2564102564102564,0.8473405472051369
1.2564102564102564,0.28205128205128205,0.8642799686278997
1.2564102564102564,0.3076923076923077,0.87795274262626
1.2564102564102564,0.3333333333333333,0.8890075092891387
1.2564102564102564,0.358974358974359,0.8979706311251422
1.2564102564102564,0.3846153846153846,0.9052649649516298
1.2564102564102564,0.41025641025641024,0.9112285745058608
1.2564102564102564,0.4358974358974359,0.9161308666421762
1.2564102564102564,0.4615384615384615,0.9201863050473886
1.2564102564102564,0.48717948717948717,0.9235658118619148
1.2564102564102564,0.5128205128205128,0.9264058500606015
1.2564102564102564,0.5384615384615384,0.9288155556313683
1.2564102564102564,0.5641025641025641,0.9308823480055113
1.2564102564102564,0.5897435897435898,0.9326765715884945
1.2564102564102564,0.6153846153846154,0.9342549147205397
1.2564102564102564,0.641025641025641,0.9356631025531112
1.2564102564102564,0.6666666666666666,0.936938093831461
1.2564102564102564,0.6923076923076923,0.9381098095969045
1.2564102564102564,0.717948717948718,0.9392024310351281
1.2564102564102564,0.7435897435897436,0.9402354347491813
1.2564102564102564,0.7692307692307692,0.9412244508686733
1.2564102564102564,0.7948717948717948,0.9421819062322864
1.2564102564102564,0.8205128205128205,0.9431175312731139
1.2564102564102564,0.8461538461538461,0.9440387133763335
1.2564102564102564,0.8717948717948718,0.9449509133770718
1.2564102564102564,0.8974358974358974,0.9458577973910489
1.2564102564102564,0.923076923076923,0.9467614077768656
1.2564102564102564,0.9487179487179487,0.9476622703682689
1.2564102564102564,0.9743589743589743,0.9485595737226187
1.2564102564102564,1.0,0.9494509878719799
1.3076923076923077,0.0,0.3643446929399651
1.3076923076923077,0.02564102564102564,0.4026097335774583
1.3076923076923077,0.05128205128205128,0.48858332557399997
1.3076923076923077,0.07692307692307693,0.5661948356196026
1.3076923076923077,0.10256410256410256,0.6341174696038778
1.3076923076923077,0.1282051282051282,0.6920310915783139
1.3076923076923077,0.15384615384615385,0.7404001616484752
1.3076923076923077,0.1794871794871795,0.7801781055823854
1.3076923076923077,0.20512820512820512,0.8125375795594403
1.3076923076923077,0.23076923076923075,0.8386778241621432
1.3076923076923077,0.2564102564102564,0.8597097231247395
1.3076923076923077,0.28205128205128205,0.8766031960348899
1.3076923076923077,0.3076923076923077,0.8901733380213052
1.3076923076923077,0.3333333333333333,0.9010890355706924
1.3076923076923077,0.358974358974359,0.9098905488488689
1.3076923076923077,0.3846153846153846,0.9170102616440451
1.3076923076923077,0.41025641025641024,0.9227922282158767
1.3076923076923077,0.4358974358974359,0.9275097463645818
1.3076923076923077,0.4615384615384615,0.9313797777633795
1.3076923076923077,0.48717948717948717,0.9345746671127055
1.3076923076923077,0.5128205128205128,0.9372315480651785
1.3076923076923077,0.5384615384615384,0.9394598515862499
1.3076923076923077,0.5641025641025641,0.9413471151345193
1.3076923076923077,0.5897435897435898,0.9429635168647766
1.3076923076923077,0.6153846153846154,0.9443655254799634
1.3076923076923077,0.641025641025641,0.945598562864447
1.3076923076923077,0.6666666666666666,0.9466993065844242
1.3076923076923077,0.6923076923076923,0.9476973801415784
1.3076923076923077,0.717948717948718,0.9486166302491875
1.3076923076923077,0.7435897435897436,0.949476290722925
1.3076923076923077,0.7692307692307692,0.9502917553849102
1.3076923076923077,0.7948717948717948,0.9510752937106103
1.3076923076923077,0.8205128205128205,0.9518363786959108
1.3076923076923077,0.8461538461538461,0.9525823464225569
1.3076923076923077,0.8717948717948718,0.9533185194461672
1.3076923076923077,0.8974358974358974,0.9540485352820366
1.3076923076923077,0.923076923076923,0.9547743928071404
1.3076923076923077,0.9487179487179487,0.9554967327541717
1.3076923076923077,0.9743589743589743,0.9562147895144848
1.3076923076923077,1.0,0.9569264534385901
1.358974358974359,0.0,0.3643446929399651
1.358974358974359,0.02564102564102564,0.4097883695984228
1.358974358974359,0.05128205128205128,0.5023327771183816
1.358974358974359,0.07692307692307693,0.5855001389132011
1.358974358974359,0.10256410256410256,0.6577710158010445
1.358974358974359,0.1282051282051282,0.7188373831408902
1.358974358974359,0.15384615384615385,0.7693136043822257
1.358974358974359,0.1794871794871795,0.8103637146331176
1.358974358974359,0.20512820512820512,0.8433742270376211
1.358974358974359,0.23076923076923075,0.8697280772156734
1.358974358974359,0.2564102564102564,0.8906803606662664
1.358974358974359,0.28205128205128205,0.9073067969580791
1.358974358974359,0.3076923076923077,0.92049659471519
1.358974358974359,0.3333333333333333,0.93096868907051
1.358974358974359,0.358974358974359,0.9392962746394319
1.358974358974359,0.3846153846153846,0.9459323551474915
1.358974358974359,0.41025641025641024,0.9512337877046654
1.358974358974359,0.4358974358974359,0.955481073100088
1.358974358974359,0.4615384615384615,0.9588950479723485
1.358974358974359,0.48717948717948717,0.9616495278975165
1.358974358974359,0.5128205128205128,0.9638819514385432
1.358974358974359,0.5384615384615384,0.9657011427119222
1.358974358974359,0.5641025641025641,0.9671935163693829
1.358974358974359,0.5897435897435898,0.968427997821553
1.358974358974359,0.6153846153846154,0.9694596098639645
1.358974358974359,0.641025641025641,0.9703324747865353
1.358974358974359,0.6666666666666666,0.9710819294178079
1.358974358974359,0.6923076923076923,0.9717363799643159
1.358974358974359,0.717948717948718,0.9723185805426012
1.358974358974359,0.7435897435897436,0.9728467367723315
1.358974358974359,0.7692307692307692,0.973335376094874
1.358974358974359,0.7948717948717948,0.9737959438269401
1.358974358974359,0.8205128205128205,0.9742372916672559
1.358974358974359,0.8461538461538461,0.9746661369446492
1.358974358974359,0.8717948717948718,0.9750873370343931
1.358974358974359,0.8974358974358974,0.9755041022640658
1.358974358974359,0.923076923076923,0.9759181735069383
1.358974358974359,0.9487179487179487,0.9763299521387255
1.358974358974359,0.9743589743589743,0.9767385374913202
1.358974358974359,1.0,0.977141740149878
1.4102564102564101,0.0,0.3643446929399651
1.4102564102564101,0.02564102564102564,0.4104417854581482
1.4102564102564101,0.05128205128205128,0.5035744667426106
1.4102564102564101,0.07692307692307693,0.587227417715246
1.4102564102564101,0.10256410256410256,0.6598658046599675
1.4102564102564101,0.1282051282051282,0.7211827994259924
1.4102564102564101,0.15384615384615385,0.7718084146072187
1.4102564102564101,0.1794871794871795,0.8129270112311094
1.4102564102564101,0.20512820512820512,0.8459448334683596
1.4102564102564101,0.23076923076923075,0.8722621899283682
1.4102564102564101,0.2564102564102564,0.8931474219330878
1.4102564102564101,0.28205128205128205,0.9096860219959528
1.4102564102564101,0.3076923076923077,0.9227741657940347
1.4102564102564101,0.3333333333333333,0.9331353647784708
1.4102564102564101,0.358974358974359,0.941345857585311
1.4102564102564101,0.3846153846153846,0.9478606072889669
1.4102564102564101,0.41025641025641024,0.9530376188658487
1.4102564102564101,0.4358974358974359,0.9571581919738815
1.4102564102564101,0.4615384615384615,0.9604434352013059
1.4102564102564101,0.48717948717948717,0.9630673714331233
1.4102564102564101,0.5128205128205128,0.9651673696027716
1.4102564102564101,0.5384615384615384,0.9668521920384376
1.4102564102564101,0.5641025641025641,0.9682081060374066
1.4102564102564101,0.5897435897435898,0.9693038608420553
1.4102564102564101,0.6153846153846154,0.9701942976656591
1.4102564102564101,0.641025641025641,0.9709233087751231
1.4102564102564101,0.6666666666666666,0.971526008754551
1.4102564102564101,0.6923076923076923,0.9720305720021838
1.4102564102564101,0.717948717948718,0.9724595754462526
1.4102564102564101,0.7435897435897436,0.9728310001615249
1.4102564102564101,0.7692307692307692,0.973159136894344
1.4102564102564101,0.7948717948717948,0.9734552322517485
1.4102564102564101,0.8205128205128205,0.9737279265338922
1.4102564102564101,0.8461538461538461,0.9739837549276315
1.4102564102564101,0.8717948717948718,0.9742274043847201
1.4102564102564101,0.8974358974358974,0.9744618787632835
1.4102564102564101,0.923076923076923,0.974688748730999
1.4102564102564101,0.9487179487179487,0.9749082792086279
1.4102564102564101,0.9743589743589743,0.9751193853970754
1.4102564102564101,1.0,0.975319798600179
1.4615384615384615,0.0,0.3643446929399651
1.4615384615384615,0.02564102564102564,0.41862045788997787
1.4615384615384615,0.05128205128205128,0.519035588226902
1.4615384615384615,0.07692307692307693,0.6085407408736031
1.4615384615384615,0.10256410256410256,0.6854006413372301
1.4615384615384615,0.1282051282051282,0.7494082279803043
1.4615384615384615,0.15384615384615385,0.8014699439280514
1.4615384615384615,0.1794871794871795,0.8431000335604509
1.4615384615384615,0.20512820512820512,0.8760066540443976
1.4615384615384615,0.23076923076923075,0.9018296242558158
1.4615384615384615,0.2564102564102564,0.9220095471376201
1.4615384615384615,0.28205128205128205,0.9377468883389254
1.4615384615384615,0.3076923076923077,0.9500103967418466
1.4615384615384615,0.3333333333333333,0.9595667107724781
1.4615384615384615,0.358974358974359,0.9670149525207845
1.4615384615384615,0.3846153846153846,0.9728209982221999
1.4615384615384615,0.41025641025641024,0.9773460807049476
1.4615384615384615,0.4358974358974359,0.9808703150455031
1.4615384615384615,0.4615384615384615,0.9836112128857519
1.4615384615384615,0.48717948717948717,0.9857381020164288
1.4615384615384615,0.5128205128205128,0.9873832451219595
1.4615384615384615,0.5384615384615384,0.9886502504159446
1.4615384615384615,0.5641025641025641,0.9896204924049773
1.4615384615384615,0.5897435897435898,0.9903581790488293
1.4615384615384615,0.6153846153846154,0.9909139370240593
1.4615384615384615,0.641025641025641,0.9913278412216561
1.4615384615384615,0.6666666666666666,0.9916315538680808
1.4615384615384615,0.6923076923076923,0.9918500755161801
1.4615384615384615,0.717948717948718,0.992003036752464
1.4615384615384615,0.7435897435897436,0.9921057331608374
1.4615384615384615,0.7692307692307692,0.9921699124032164
1.4615384615384615,0.7948717948717948,0.9922043793072822
1.4615384615384615,0.8205128205128205,0.9922154648476261
1.4615384615384615,0.8461538461538461,0.9922073439905705
1.4615384615384615,0.8717948717948718,0.9921823801869828
1.4615384615384615,0.8974358974358974,0.9921412227009718
1.4615384615384615,0.923076923076923,0.9920829501839254
1.4615384615384615,0.9487179487179487,0.9920051687784311
1.4615384615384615,0.9743589743589743,0.9919039968081098
1.4615384615384615,1.0,0.9917740439188087
1.5128205128205128,0.0,0.3643446929399651
1.5128205128205128,0.02564102564102564,0.41921069713517956
1.5128205128205128,0.05128205128205128,0.5201017049213709
1.5128205128205128,0.07692307692307693,0.6099268657456393
1.5128205128205128,0.10256410256410256,0.686948424306156
1.5128205128205128,0.1282051282051282,0.7509845359660087
1.5128205128205128,0.15384615384615385,0.8029797089629326
1.5128205128205128,0.1794871794871795,0.8444858663039373
1.5128205128205128,0.20512820512820512,0.8772410409164755
1.5128205128205128,0.23076923076923075,0.9029054053011363
1.5128205128205128,0.2564102564102564,0.9229320391980838
1.5128205128205128,0.28205128205128205,0.9385283439689671
1.5128205128205128,0.3076923076923077,0.9506657136169696
1.5128205128205128,0.3333333333333333,0.960111255049516
1.5128205128205128,0.358974358974359,0.9674634290327528
1.5128205128205128,0.3846153846153846,0.973186623584026
1.5128205128205128,0.41025641025641024,0.9776404627810834
1.5128205128205128,0.4358974358974359,0.9811033205666696
1.5128205128205128,0.4615384615384615,0.9837911681686997
1.5128205128205128,0.48717948717948717,0.9858718635942175
1.5128205128205128,0.5128205128205128,0.9874763521727127
1.5128205128205128,0.5384615384615384,0.9887070898187357
1.5128205128205128,0.5641025641025641,0.9896444105405983
1.5128205128205128,0.5897435897435898,0.9903515974833353
1.5128205128205128,0.6153846153846154,0.990878416656991
1.5128205128205128,0.641025641025641,0.9912641873619227
1.5128205128205128,0.6666666666666666,0.9915398748586423
1.5128205128205128,0.6923076923076923,0.9917297481109163
1.5128205128205128,0.717948717948718,0.9918528209465192
1.5128205128205128,0.7435897435897436,0.9919237114137701
1.5128205128205128,0.7692307692307692,0.9919534919111438
1.5128205128205128,0.7948717948717948,0.9919502906229478
1.5128205128205128,0.8205128205128205,0.9919197086576919
1.5128205128205128,0.8461538461538461,0.9918651739917642
1.5128205128205128,0.8717948717948718,0.9917881825571673
1.5128205128205128,0.8974358974358974,0.9916884947594796
1.5128205128205128,0.923076923076923,0.9915641827328118
1.5128205128205128,0.9487179487179487,0.9914117229644795
1.5128205128205128,0.9743589743589743,0.9912259834590987
1.5128205128205128,1.0,0.9910001544064488
1.564102564102564,0.0,0.3643446929399651
1.564102564102564,0.02564102564102564,0.42481581051118994
1.564102564102564,0.05128205128205128,0.5306702278241107
1.564102564102564,0.07692307692307693,0.6243744716339904
1.564102564102564,0.10256410256410256,0.7040324657706972
1.564102564102564,0.1282051282051282,0.7695563886102054
1.564102564102564,0.15384615384615385,0.8221259041737482
1.564102564102564,0.1794871794871795,0.8635615081922594
1.564102564102564,0.20512820512820512,0.8958377860415241
1.564102564102564,0.23076923076923075,0.9207940559578597
1.564102564102564,0.2564102564102564,0.9400065042505076
1.564102564102564,0.28205128205128205,0.9547606770306258
1.564102564102564,0.3076923076923077,0.9660737671724907
1.564102564102564,0.3333333333333333,0.9747374132730946
1.564102564102564,0.358974358974359,0.9813610507959114
1.564102564102564,0.3846153846153846,0.9864120196507629
1.564102564102564,0.41025641025641024,0.9902482602327095
1.564102564102564,0.4358974358974359,0.9931440898539419
1.564102564102564,0.4615384615384615,0.9953102821352318
1.564102564102564,0.48717948717948717,0.9969091469502449
1.564102564102564,0.5128205128205128,0.9980661768736663
1.564102564102564,0.5384615384615384,0.9988786410873804
1.564102564102564,0.5641025641025641,0.9994221175822801
1.564102564102564,0.5897435897435898,0.9997554378649816
1.564102564102564,0.6153846153846154,0.999924401588962
1.564102564102564,0.641025641025641,0.9999646229033388
1.564102564102564,0.6666666666666666,0.9999036645430049
1.564102564102564,0.6923076923076923,0.999762685567261
1.564102564102564,0.717948717948718,0.9995576985491322
1.564102564102564,0.7435897435897436,0.999300505476233
1.564102564102564,0.7692307692307692,0.9989994436664458
1.564102564102564,0.7948717948717948,0.9986599125616235
1.564102564102564,0.8205128205128205,0.9982847903372396
1.564102564102564,0.8461538461538461,0.9978747086566123
1.564102564102564,0.8717948717948718,0.9974282695201596
1.564102564102564,0.8974358974358974,0.996942137410472
1.564102564102564,0.923076923076923,0.9964111073779082
1.564102564102564,0.9487179487179487,0.9958280791570647
1.564102564102564,0.9743589743589743,0.9951839933620811
1.564102564102564,1.0,0.9944676935637935
1.6153846153846154,0.0,0.3643446929399651
1.6153846153846154,0.02564102564102564,0.4251565218737836
1.6153846153846154,0.05128205128205128,0.5312788736091535
1.6153846153846154,0.07692307692307693,0.625154360689917
1.6153846153846154,0.10256410256410256,0.7048885206777928
1.6153846153846154,0.1282051282051282,0.7704115771621863
1.6153846153846154,0.15384615384615385,0.8229289592370593
1.6153846153846154,0.1794871794871795,0.8642841138221384
1.6153846153846154,0.20512820512820512,0.8964687492007597
1.6153846153846154,0.23076923076923075,0.921333420501671
1.6153846153846154,0.2564102564102564,0.940460489611696
1.6153846153846154,0.28205128205128205,0.9551382380805328
1.6153846153846154,0.3076923076923077,0.966384885981202
1.6153846153846154,0.3333333333333333,0.9749916531367033
1.6153846153846154,0.358974358974359,0.9815671237062992
1.6153846153846154,0.3846153846153846,0.9865775606406793
1.6153846153846154,0.41025641025641024,0.9903797773543325
1.6153846153846154,0.4358974358974359,0.9932470572826702
1.6153846153846154,0.4615384615384615,0.9953891718400546
1.6153846153846154,0.48717948717948717,0.9969676365341239
1.6153846153846154,0.5128205128205128,0.9981071955095937
1.6153846153846154,0.5384615384615384,0.9989044884693079
1.6153846153846154,0.5641025641025641,0.9994345307613314
1.6153846153846154,0.5897435897435898,0.9997556731863957
1.6153846153846154,0.6153846153846154,0.999913284582412
1.6153846153846154,0.641025641025641,0.9999425942634805
1.6153846153846154,0.6666666666666666,0.9998708114856041
1.6153846153846154,0.6923076923076923,0.9997187688208161
1.6153846153846154,0.717948717948718,0.9995021600720108
1.6153846153846154,0.7435897435897436,0.9992324843800631
1.6153846153846154,0.7692307692307692,0.9989177716872545
1.6153846153846154,0.7948717948717948,0.9985631161989891
1.6153846153846154,0.8205128205128205,0.9981710675982117
1.6153846153846154,0.8461538461538461,0.9977419215822825
1.6153846153846154,0.8717948717948718,0.9972739146506193
1.6153846153846154,0.8974358974358974,0.9967633185043673
1.6153846153846154,0.923076923076923,0.9962044924813311
1.6153846153846154,0.9487179487179487,0.9955898678079538
1.6153846153846154,0.9743589743589743,0.9949098444440875
1.6153846153846154,1.0,0.9941526794504633
1.6666666666666665,0.0,0.3643446929399651
1.6666666666666665,0.02564102564102564,0.42780884398932695
1.6666666666666665,0.05128205128205128,0.5362631797884416
1.6666666666666665,0.07692307692307693,0.6318403613816045
1.6666666666666665,0.10256410256410256,0.712522289712361
1.6666666666666665,0.1282051282051282,0.7782905727133256
1.6666666666666665,0.15384615384615385,0.8305023134202383
1.6666666666666665,0.1794871794871795,0.8711775118895589
1.6666666666666665,0.20512820512820512,0.9024620888816588
1.6666666666666665,0.23076923076923075,0.9263212018522643
1.6666666666666665,0.2564102564102564,0.9444134365918636
1.6666666666666665,0.28205128205128205,0.9580731468208803
1.6666666666666665,0.3076923076923077,0.968343361663673
1.6666666666666665,0.3333333333333333,0.9760265465605095
1.6666666666666665,0.358974358974359,0.9817341624857088
1.6666666666666665,0.3846153846153846,0.9859306817371999
1.6666666666666665,0.41025641025641024,0.9889686022483892
1.6666666666666665,0.4358974358974359,0.9911157102984077
1.6666666666666665,0.4615384615384615,0.992576105053922
1.6666666666666665,0.48717948717948717,0.9935056503754177
1.6666666666666665,0.5128205128205128,0.9940238045265309
1.6666666666666665,0.5384615384615384,0.9942223491503084
1.6666666666666665,0.5641025641025641,0.9941718801834114
1.6666666666666665,0.5897435897435898,0.9939267908113787
1.6666666666666665,0.6153846153846154,0.9935288762771236
1.6666666666666665,0.641025641025641,0.9930101287970413
1.6666666666666665,0.6666666666666666,0.9923948288606214
1.6666666666666665,0.6923076923076923,0.9917011577073386
1.6666666666666665,0.717948717948718,0.9909423580557822
1.6666666666666665,0.7435897435897436,0.9901276299394829
1.6666666666666665,0.7692307692307692,0.9892629146785925
1.6666666666666665,0.7948717948717948,0.9883512674118079
1.6666666666666665,0.8205128205128205,0.9873933270807203
1.6666666666666665,0.8461538461538461,0.9863875039344876
1.6666666666666665,0.8717948717948718,0.9853302319667675
1.6666666666666665,0.8974358974358974,0.9842159728285084
1.6666666666666665,0.923076923076923,0.9830372983297769
1.6666666666666665,0.9487179487179487,0.9817848261669211
1.6666666666666665,0.9743589743589743,0.9804471316243909
1.6666666666666665,1.0,0.9790105891788116
1.717948717948718,0.0,0.3643446929399651
1.717948717948718,0.02564102564102564,0.4281220367833237
1.717948717948718,0.05128205128205128,0.5368457375471635
1.717948717948718,0.07692307692307693,0.6326106652739284
1.717948717948718,0.10256410256410256,0.7133829335091327
1.717948717948718,0.1282051282051282,0.7791524479327023
1.717948717948718,0.15384615384615385,0.8312964166451894
1.717948717948718,0.1794871794871795,0.871857815473577
1.717948717948718,0.20512820512820512,0.9030025490721075
1.717948717948718,0.23076923076923075,0.9267098286902337
1.717948717948718,0.2564102564102564,0.9446479366186334
1.717948717948718,0.28205128205128205,0.9581568170825375
1.717948717948718,0.3076923076923077,0.9682823505637677
1.717948717948718,0.3333333333333333,0.9758282972969674
1.717948717948718,0.358974358974359,0.9814063313538102
1.717948717948718,0.3846153846153846,0.9854806084129933
1.717948717948718,0.41025641025641024,0.9884030605839494
1.717948717948718,0.4358974358974359,0.9904407767228396
1.717948717948718,0.4615384615384615,0.9917971333828308
1.717948717948718,0.48717948717948717,0.9926273239000754
1.717948717948718,0.5128205128205128,0.9930502133424769
1.717948717948718,0.5384615384615384,0.9931570290843067
1.717948717948718,0.5641025641025641,0.993017906271143
1.717948717948718,0.5897435897435898,0.9926868794821232
1.717948717948718,0.6153846153846154,0.9922053909912538
1.717948717948718,0.641025641025641,0.991605211229513
1.717948717948718,0.6666666666666666,0.9909104108861357
1.717948717948718,0.6923076923076923,0.9901390376149202
1.717948717948718,0.717948717948718,0.9893042584411428
1.717948717948718,0.7435897435897436,0.9884152929092
1.717948717948718,0.7692307692307692,0.9874780583505295
1.717948717948718,0.7948717948717948,0.9864957200665976
1.717948717948718,0.8205128205128205,0.9854690665902006
1.717948717948718,0.8461538461538461,0.9843967293688975
1.717948717948718,0.8717948717948718,0.9832754109045407
1.717948717948718,0.8974358974358974,0.9820999141135072
1.717948717948718,0.923076923076923,0.9808632551646673
1.717948717948718,0.9487179487179487,0.9795565716384048
1.717948717948718,0.9743589743589743,0.9781690641542875
1.717948717948718,1.0,0.9766878789754191
1.7692307692307692,0.0,0.3643446929399651
1.7692307692307692,0.02564102564102564,0.42763247406387755
1.7692307692307692,0.05128205128205128,0.5359226844971793
1.7692307692307692,0.07692307692307693,0.6312148818268484
1.7692307692307692,0.10256410256410256,0.7114113279158929
1.7692307692307692,0.1282051282051282,0.7764872012653604
1.7692307692307692,0.15384615384615385,0.8278417274524682
1.7692307692307692,0.1794871794871795,0.8675567275143452
1.7692307692307692,0.20512820512820512,0.897836077980236
1.7692307692307692,0.23076923076923075,0.9206888382915618
1.7692307692307692,0.2564102564102564,0.9378021028384173
1.7692307692307692,0.28205128205128205,0.9505260565704009
1.7692307692307692,0.3076923076923077,0.9599108820254001
1.7692307692307692,0.3333333333333333,0.9667601481371038
1.7692307692307692,0.358974358974359,0.9716830880676293
1.7692307692307692,0.3846153846153846,0.9751401932316398
1.7692307692307692,0.41025641025641024,0.9774792777050663
1.7692307692307692,0.4358974358974359,0.9789631914549429
1.7692307692307692,0.4615384615384615,0.979791315712814
1.7692307692307692,0.48717948717948717,0.9801152083913041
1.7692307692307692,0.5128205128205128,0.9800503188123151
1.7692307692307692,0.5384615384615384,0.9796849760409041
1.7692307692307692,0.5641025641025641,0.9790866684757144
1.7692307692307692,0.5897435897435898,0.9783071265104171
1.7692307692307692,0.6153846153846154,0.9773858117315966
1.7692307692307692,0.641025641025641,0.976352778710105
1.7692307692307692,0.6666666666666666,0.9752306030925597
1.7692307692307692,0.6923076923076923,0.9740360195296058
1.7692307692307692,0.717948717948718,0.9727811871972099
1.7692307692307692,0.7435897435897436,0.9714743743539977
1.7692307692307692,0.7692307692307692,0.9701208451005308
1.7692307692307692,0.7948717948717948,0.9687231840959206
1.7692307692307692,0.8205128205128205,0.9672818276355495
1.7692307692307692,0.8461538461538461,0.9657951881881275
1.7692307692307692,0.8717948717948718,0.9642599567770812
1.7692307692307692,0.8974358974358974,0.9626711369560395
1.7692307692307692,0.923076923076923,0.9610221232582067
1.7692307692307692,0.9487179487179487,0.9593046745704431
1.7692307692307692,0.9743589743589743,0.9575088858540419
1.7692307692307692,1.0,0.9556231081891174
1.8205128205128205,0.0,0.3643446929399651
1.8205128205128205,0.02564102564102564,0.4274021575879531
1.8205128205128205,0.05128205128205128,0.5354501723484785
1.8205128205128205,0.07692307692307693,0.6304432131936042
1.8205128205128205,0.10256410256410256,0.7102652432936318
1.8205128205128205,0.1282051282051282,0.7748982617113859
1.8205128205128205,0.15384615384615385,0.8257664817031645
1.8205128205128205,0.1794871794871795,0.8649789942810495
1.8205128205128205,0.20512820512820512,0.8947623952127377
1.8205128205128205,0.23076923076923075,0.9171408259461916
1.8205128205128205,0.2564102564102564,0.9338098952081734
1.8205128205128205,0.28205128205128205,0.9461228909689149
1.8205128205128205,0.3076923076923077,0.9551298673588977
1.8205128205128205,0.3333333333333333,0.9616324459619365
1.8205128205128205,0.358974358974359,0.9662368853637161
1.8205128205128205,0.3846153846153846,0.9694006834780753
1.8205128205128205,0.41025641025641024,0.9714684371407082
1.8205128205128205,0.4358974358974359,0.9727001353789727
1.8205128205128205,0.4615384615384615,0.9732926114833936
1.8205128205128205,0.48717948717948717,0.9733950982894596
1.8205128205128205,0.5128205128205128,0.973121128610513
1.8205128205128205,0.5384615384615384,0.9725573695825146
1.8205128205128205,0.5641025641025641,0.9717698726075632
1.8205128205128205,0.5897435897435898,0.9708092808721246
1.8205128205128205,0.6153846153846154,0.9697140397058067
1.8205128205128205,0.641025641025641,0.9685134280398214
1.8205128205128205,0.6666666666666666,0.9672293691006948
1.8205128205128205,0.6923076923076923,0.9658781977916118
1.8205128205128205,0.717948717948718,0.9644716699900566
1.8205128205128205,0.7435897435897436,0.963017905921281
1.8205128205128205,0.7692307692307692,0.9615220396489859
1.8205128205128205,0.7948717948717948,0.9599867416340145
1.8205128205128205,0.8205128205128205,0.9584125602526569
1.8205128205128205,0.8461538461538461,0.9567982342020932
1.8205128205128205,0.8717948717948718,0.9551408495424775
1.8205128205128205,0.8974358974358974,0.9534359898724888
1.8205128205128205,0.923076923076923,0.9516777504844776
1.8205128205128205,0.9487179487179487,0.94985878116269
1.8205128205128205,0.9743589743589743,0.9479702938700271
1.8205128205128205,1.0,0.9460019102006081
1.8717948717948718,0.0,0.3643446929399651
1.8717948717948718,0.02564102564102564,0.42586488677035217
1.8717948717948718,0.05128205128205128,0.532366911004508
1.8717948717948718,0.07692307692307693,0.625731123695285
1.8717948717948718,0.10256410256410256,0.7038250958278374
1.8717948717948718,0.1282051282051282,0.7666727541149934
1.8717948717948718,0.15384615384615385,0.8157672154970395
1.8717948717948718,0.1794871794871795,0.8532834300770249
1.8717948717948718,0.20512820512820512,0.8814940529516686
1.8717948717948718,0.23076923076923075,0.9024461552887246
1.8717948717948718,0.2564102564102564,0.9178410177120523
1.8717948717948718,0.28205128205128205,0.9290260190559075
1.8717948717948718,0.3076923076923077,0.937038686130228
1.8717948717948718,0.3333333333333333,0.9426659005920609
1.8717948717948718,0.358974358974359,0.94649906624247
1.8717948717948718,0.3846153846153846,0.9489810651333993
1.8717948717948718,0.41025641025641024,0.9504439102076001
1.8717948717948718,0.4358974358974359,0.9511363941587596
1.8717948717948718,0.4615384615384615,0.9512457868790442
1.8717948717948718,0.48717948717948717,0.9509131395941833
1.8717948717948718,0.5128205128205128,0.9502450795980719
1.8717948717948718,0.5384615384615384,0.9493225301078859
1.8717948717948718,0.5641025641025641,0.9482066784566505
1.8717948717948718,0.5897435897435898,0.9469440464049382
1.8717948717948718,0.6153846153846154,0.9455696733100492
1.8717948717948718,0.641025641025641,0.9441100328129027
1.8717948717948718,0.6666666666666666,0.9425846981289654
1.8717948717948718,0.6923076923076923,0.9410079942881516
1.8717948717948718,0.717948717948718,0.9393900975235169
1.8717948717948718,0.7435897435897436,0.9377377865083186
1.8717948717948718,0.7692307692307692,0.9360551968904245
1.8717948717948718,0.7948717948717948,0.9343441547060889
1.8717948717948718,0.8205128205128205,0.9326046820557716
1.8717948717948718,0.8461538461538461,0.9308351330790255
1.8717948717948718,0.8717948717948718,0.929032372342758
1.8717948717948718,0.8974358974358974,0.927192044915131
1.8717948717948718,0.923076923076923,0.9253084350556825
1.8717948717948718,0.9487179487179487,0.9233745955497372
1.8717948717948718,0.9743589743589743,0.9213823146777855
1.8717948717948718,1.0,0.9193220327031573
1.923076923076923,0.0,0.3643446929399651
1.923076923076923,0.02564102564102564,0.424627767417529
1.923076923076923,0.05128205128205128,0.5299571435346198
1.923076923076923,0.07692307692307693,0.6222453080744558
1.923076923076923,0.10256410256410256,0.6993763917773977
1.923076923076923,0.1282051282051282,0.7613801923434496
1.923076923076923,0.15384615384615385,0.809747344084466
1.923076923076923,0.1794871794871795,0.8466440327637177
1.923076923076923,0.20512820512820512,0.8743314456238345
1.923076923076923,0.23076923076923075,0.8948446704173209
1.923076923076923,0.2564102564102564,0.9098723529218339
1.923076923076923,0.28205128205128205,0.9207507413405744
1.923076923076923,0.3076923076923077,0.928507586379122
1.923076923076923,0.3333333333333333,0.9339212853216762
1.923076923076923,0.358974358974359,0.9375762325155129
1.923076923076923,0.3846153846153846,0.9399096123313401
1.923076923076923,0.41025641025641024,0.9412486502460861
1.923076923076923,0.4358974358974359,0.9418382361412234
1.923076923076923,0.4615384615384615,0.9418625656400029
1.923076923076923,0.48717948717948717,0.9414601575401864
1.923076923076923,0.5128205128205128,0.9407355218856911
1.923076923076923,0.5384615384615384,0.939767904595001
1.923076923076923,0.5641025641025641,0.9386171272685369
1.923076923076923,0.5897435897435898,0.9373285406389268
1.923076923076923,0.6153846153846154,0.9359364016574762
1.923076923076923,0.641025641025641,0.9344663270748748
1.923076923076923,0.6666666666666666,0.9329373982117934
1.923076923076923,0.6923076923076923,0.9313634791045552
1.923076923076923,0.717948717948718,0.9297544112392272
1.923076923076923,0.7435897435897436,0.9281167495924938
1.923076923076923,0.7692307692307692,0.9264544734591024
1.923076923076923,0.7948717948717948,0.9247693608548959
1.923076923076923,0.8205128205128205,0.9230614249733465
1.923076923076923,0.8461538461538461,0.9213290886590284
1.923076923076923,0.8717948717948718,0.9195694470293246
1.923076923076923,0.8974358974358974,0.9177782657216279
1.923076923076923,0.923076923076923,0.9159502266588497
1.923076923076923,0.9487179487179487,0.9140787275815121
1.923076923076923,0.9743589743589743,0.9121560151701112
1.923076923076923,1.0,0.9101731574103041
1.9743589743589745,0.0,0.3643446929399651
1.9743589743589745,0.02564102564102564,0.42181687352223846
1.9743589743589745,0.05128205128205128,0.5244223637316551
1.9743589743589745,0.07692307692307693,0.6140935423866207
1.9743589743589745,0.10256410256410256,0.6887471026745731
1.9743589743589745,0.1282051282051282,0.7484542891939185
1.9743589743589745,0.15384615384615385,0.7947434890793443
1.9743589743589745,0.1794871794871795,0.829802850917993
1.9743589743589745,0.20512820512820512,0.855896907271139
1.9743589743589745,0.23076923076923075,0.8750484379974046
1.9743589743589745,0.2564102564102564,0.8889250555963661
1.9743589743589745,0.28205128205128205,0.8988378817199011
1.9743589743589745,0.3076923076923077,0.9057890635125772
1.9743589743589745,0.3333333333333333,0.9105337544374593
1.9743589743589745,0.358974358974359,0.9136352658167661
1.9743589743589745,0.3846153846153846,0.9155129957443896
1.9743589743589745,0.41025641025641024,0.9164790845544707
1.9743589743589745,0.4358974358974359,0.9167658447407926
1.9743589743589745,0.4615384615384615,0.9165470721472647
1.9743589743589745,0.48717948717948717,0.9159526823725428
1.9743589743589745,0.5128205128205128,0.9150802187637112
1.9743589743589745,0.5384615384615384,0.9140030764470385
1.9743589743589745,0.5641025641025641,0.9127762842595712
1.9743589743589745,0.5897435897435898,0.9114413515880394
1.9743589743589745,0.6153846153846154,0.9100292438999036
1.9743589743589745,0.641025641025641,0.9085630348321391
1.9743589743589745,0.6666666666666666,0.9070595233284893
1.9743589743589745,0.6923076923076923,0.9055308832950061
1.9743589743589745,0.717948717948718,0.9039854804329657
1.9743589743589745,0.7435897435897436,0.9024287339958513
1.9743589743589745,0.7692307692307692,0.900863747086018
1.9743589743589745,0.7948717948717948,0.8992915453865011
1.9743589743589745,0.8205128205128205,0.8977116743321707
1.9743589743589745,0.8461538461538461,0.8961221533731073
1.9743589743589745,0.8717948717948718,0.8945198345449239
1.9743589743589745,0.8974358974358974,0.8929004879424517
1.9743589743589745,0.923076923076923,0.8912587179335261
1.9743589743589745,0.9487179487179487,0.8895881046480266
1.9743589743589745,0.9743589743589743,0.8878811598764769
1.9743589743589745,1.0,0.8861292450228192
2.0256410256410255,0.0,0.3643446929399651
2.0256410256410255,0.02564102564102564,0.42060517927806673
2.0256410256410255,0.05128205128205128,0.5219877416190696
2.0256410256410255,0.07692307692307693,0.6104471943674934
2.0256410256410255,0.10256410256410256,0.683935616091669
2.0256410256410255,0.1282051282051282,0.7425629988503233
2.0256410256410255,0.15384615384615385,0.7878872084328448
2.0256410256410255,0.1794871794871795,0.8221112247244546
2.0256410256410255,0.20512820512820512,0.847500860132031
2.0256410256410255,0.23076923076923075,0.8660700280595438
2.0256410256410255,0.2564102564102564,0.8794726091726028
2.0256410256410255,0.28205128205128205,0.8890050705053945
2.0256410256410255,0.3076923076923077,0.895654834268165
2.0256410256410255,0.3333333333333333,0.9001642088081553
2.0256410256410255,0.358974358974359,0.9030854132732569
2.0256410256410255,0.3846153846153846,0.9048285475456119
2.0256410256410255,0.41025641025641024,0.9056981955688834
2.0256410256410255,0.4358974358974359,0.905920340400601
2.0256410256410255,0.4615384615384615,0.9056639256577647
2.0256410256410255,0.48717948717948717,0.9050547126585506
2.0256410256410255,0.5128205128205128,0.9041870466854738
2.0256410256410255,0.5384615384615384,0.9031315243714457
2.0256410256410255,0.5641025641025641,0.9019411867228513
2.0256410256410255,0.5897435897435898,0.9006557341599988
2.0256410256410255,0.6153846153846154,0.8993046865912554
2.0256410256410255,0.641025641025641,0.8979099798240953
2.0256410256410255,0.6666666666666666,0.8964875578243295
2.0256410256410255,0.6923076923076923,0.8950487712107308
2.0256410256410255,0.717948717948718,0.8936014105079162
2.0256410256410255,0.7435897435897436,0.892150401904833
2.0256410256410255,0.7692307692307692,0.8906984313798013
2.0256410256410255,0.7948717948717948,0.8892462862212517
2.0256410256410255,0.8205128205128205,0.8877931770565782
2.0256410256410255,0.8461538461538461,0.8863370402926454
2.0256410256410255,0.8717948717948718,0.8848745364970699
2.0256410256410255,0.8974358974358974,0.8834013482798615
2.0256410256410255,0.923076923076923,0.8819120230222927
2.0256410256410255,0.9487179487179487,0.8804000799000031
2.0256410256410255,0.9743589743589743,0.878858025102787
2.0256410256410255,1.0,0.8772772065362644
2.0769230769230766,0.0,0.3643446929399651
2.0769230769230766,0.02564102564102564,0.4179304837007337
2.0769230769230766,0.05128205128205128,0.5166621941184778
2.0769230769230766,0.07692307692307693,0.6025040900699258
2.0769230769230766,0.10256410256410256,0.6734529977753805
2.0769230769230766,0.1282051282051282,0.729686164982829
2.0769230769230766,0.15384615384615385,0.7728246818155884
2.0769230769230766,0.1794871794871795,0.805112189546705
2.0769230769230766,0.20512820512820512,0.8288269742610456
2.0769230769230766,0.23076923076923075,0.8459741950406033
2.0769230769230766,0.2564102564102564,0.8581863355029157
2.0769230769230766,0.28205128205128205,0.8667315958613228
2.0769230769230766,0.3076923076923077,0.8725695806949302
2.0769230769230766,0.3333333333333333,0.8764158604193518
2.0769230769230766,0.358974358974359,0.8787993491913028
2.0769230769230766,0.3846153846153846,0.880110394509276
2.0769230769230766,0.41025641025641024,0.8806366915875581
2.0769230769230766,0.4358974358974359,0.8805905411139595
2.0769230769230766,0.4615384615384615,0.880129355661173
2.0769230769230766,0.48717948717948717,0.8793697540928336
2.0769230769230766,0.5128205128205128,0.8783983426424364
2.0769230769230766,0.5384615384615384,0.8772795836212157
2.0769230769230766,0.5641025641025641,0.8760613799599735
2.0769230769230766,0.5897435897435898,0.8747793280830238
2.0769230769230766,0.6153846153846154,0.8734595464086831
2.0769230769230766,0.641025641025641,0.872121185776571
2.0769230769230766,0.6666666666666666,0.8707779627185268
2.0769230769230766,0.6923076923076923,0.8694393392268234
2.0769230769230766,0.717948717948718,0.8681116302061411
2.0769230769230766,0.7435897435897436,0.8667986243864138
2.0769230769230766,0.7692307692307692,0.8655020188394558
2.0769230769230766,0.7948717948717948,0.864221926431168
2.0769230769230766,0.8205128205128205,0.8629569352421279
2.0769230769230766,0.8461538461538461,0.8617046309071236
2.0769230769230766,0.8717948717948718,0.8604614114905221
2.0769230769230766,0.8974358974358974,0.8592227675364997
2.0769230769230766,0.923076923076923,0.8579832478161337
2.0769230769230766,0.9487179487179487,0.8567364070726552
2.0769230769230766,0.9743589743589743,0.8554748402887905
2.0769230769230766,1.0,0.8541901117762044
2.128205128205128,0.0,0.3643446929399651
2.128205128205128,0.02564102564102564,0.4167358365107132
2.128205128205128,0.05128205128205128,0.5143262516290263
2.128205128205128,0.07692307692307693,0.5991130569229803
2.128205128205128,0.10256410256410256,0.6691138239318982
2.128205128205128,0.1282051282051282,0.7245161794460536
2.128205128205128,0.15384615384615385,0.7669418351402035
2.128205128205128,0.1794871794871795,0.798628096445693
2.128205128205128,0.20512820512820512,0.821842125791531
2.128205128205128,0.23076923076923075,0.8385762409980537
2.128205128205128,0.2564102564102564,0.8504495842052529
2.128205128205128,0.28205128205128205,0.8587184051036907
2.128205128205128,0.3076923076923077,0.8643319824883049
2.128205128205128,0.3333333333333333,0.8679967475765619
2.128205128205128,0.358974358974359,0.870234360582292
2.128205128205128,0.3846153846153846,0.8714289697562064
2.128205128205128,0.41025641025641024,0.8718635848687777
2.128205128205128,0.4358974358974359,0.871746439551967
2.128205128205128,0.4615384615384615,0.8712318264834166
2.128205128205128,0.48717948717948717,0.870433693119476
2.128205128205128,0.5128205128205128,0.8694366375067826
2.128205128205128,0.5384615384615384,0.8683034470337783
2.128205128205128,0.5641025641025641,0.8670806898915009
2.128205128205128,0.5897435897435898,0.8658027635453429
2.128205128205128,0.6153846153846154,0.8644949813837846
2.128205128205128,0.641025641025641,0.8631757312654447
2.128205128205128,0.6666666666666666,0.8618581723545217
2.128205128205128,0.6923076923076923,0.8605513004652688
2.128205128205128,0.717948717948718,0.8592611311059387
2.128205128205128,0.7435897435897436,0.8579911524441461
2.128205128205128,0.7692307692307692,0.8567428556556729
2.128205128205128,0.7948717948717948,0.8555161732740045
2.128205128205128,0.8205128205128205,0.854309765922907
2.128205128205128,0.8461538461538461,0.8531210800826274
2.128205128205128,0.8717948717948718,0.8519466012316247
2.128205128205128,0.8974358974358974,0.8507818717812898
2.128205128205128,0.923076923076923,0.8496216029720389
2.128205128205128,0.9487179487179487,0.8484594670598884
2.128205128205128,0.9743589743589743,0.8472883440680037
2.128205128205128,1.0,0.8461000012101936
2.1794871794871797,0.0,0.3643446929399651
2.1794871794871797,0.02564102564102564,0.41532740731871187
2.1794871794871797,0.05128205128205128,0.511532074601165
2.1794871794871797,0.07692307692307693,0.5949487214316427
2.1794871794871797,0.10256410256410256,0.6636074647304141
2.1794871794871797,0.1282051282051282,0.7177272007186457
2.1794871794871797,0.15384615384615385,0.758963755292057
2.1794871794871797,0.1794871794871795,0.7895797507657818
2.1794871794871797,0.20512820512820512,0.8118527064072795
2.1794871794871797,0.23076923076923075,0.8277742489497514
2.1794871794871797,0.2564102564102564,0.838954192499022
2.1794871794871797,0.28205128205128205,0.8466360965392978
2.1794871794871797,0.3076923076923077,0.8517553080158734
2.1794871794871797,0.3333333333333333,0.8550045221121442
2.1794871794871797,0.358974358974359,0.8568937175342821
2.1794871794871797,0.3846153846153846,0.8577963920885442
2.1794871794871797,0.41025641025641024,0.8579865821786103
2.1794871794871797,0.4358974358974359,0.8576655216844271
2.1794871794871797,0.4615384615384615,0.8569810879179434
2.1794871794871797,0.48717948717948717,0.8560423515521844
2.1794871794871797,0.5128205128205128,0.8549297357866715
2.1794871794871797,0.5384615384615384,0.853702612139587
2.1794871794871797,0.5641025641025641,0.8524049346477149
2.1794871794871797,0.5897435897435898,0.8510686465154093
2.1794871794871797,0.6153846153846154,0.8497173021675151
2.1794871794871797,0.641025641025641,0.8483677704320499
2.1794871794871797,0.6666666666666666,0.8470319367306032
2.1794871794871797,0.6923076923076923,0.845717935117117
2.1794871794871797,0.717948717948718,0.8444308792659992
2.1794871794871797,0.7435897435897436,0.8431737218355545
2.1794871794871797,0.7692307692307692,0.8419474541945561
2.1794871794871797,0.7948717948717948,0.8407517304674909
2.1794871794871797,0.8205128205128205,0.8395849817650052
2.1794871794871797,0.8461538461538461,0.8384446248878183
2.1794871794871797,0.8717948717948718,0.8373270851334964
2.1794871794871797,0.8974358974358974,0.8362280932925755
2.1794871794871797,0.923076923076923,0.8351424963936782
2.1794871794871797,0.9487179487179487,0.8340642793307236
2.1794871794871797,0.9743589743589743,0.8329867597691629
2.1794871794871797,1.0,0.8319021893119947
2.230769230769231,0.0,0.3643446929399651
2.230769230769231,0.02564102564102564,0.41418458061965985
2.230769230769231,0.05128205128205128,0.5091886349115023
2.230769230769231,0.07692307692307693,0.5913091300404615
2.230769230769231,0.10256410256410256,0.6585940180586617
2.230769230769231,0.1282051282051282,0.7113216593836307
2.230769230769231,0.15384615384615385,0.751217932716478
2.230769230769231,0.1794871794871795,0.7805989339822875
2.230769230769231,0.20512820512820512,0.801771557754832
2.230769230769231,0.23076923076923075,0.8167363485727429
2.230769230769231,0.2564102564102564,0.8270976405986736
2.230769230769231,0.28205128205128205,0.8340859484233772
2.230769230769231,0.3076923076923077,0.8386210966682274
2.230769230769231,0.3333333333333333,0.8413802911657262
2.230769230769231,0.358974358974359,0.8428589980724773
2.230769230769231,0.3846153846153846,0.8434179426514399
2.230769230769231,0.41025641025641024,0.843320823483041
2.230769230769231,0.4358974358974359,0.8427594596960809
2.230769230769231,0.4615384615384615,0.8418745756767136
2.230769230769231,0.48717948717948717,0.8407692008322155
2.230769230769231,0.5128205128205128,0.8395185687724419
2.230769230769231,0.5384615384615384,0.8381781632388733
2.230769230769231,0.5641025641025641,0.836788467460316
2.230769230769231,0.5897435897435898,0.8353786842559647
2.230769230769231,0.6153846153846154,0.8339702139353138
2.230769230769231,0.641025641025641,0.8325780755967933
2.230769230769231,0.6666666666666666,0.8312127380566462
2.230769230769231,0.6923076923076923,0.8298810891494051
2.230769230769231,0.717948717948718,0.8285873460667381
2.230769230769231,0.7435897435897436,0.8273336469705512
2.230769230769231,0.7692307692307692,0.826120549929031
2.230769230769231,0.7948717948717948,0.8249471975780528
2.230769230769231,0.8205128205128205,0.8238118113787208
2.230769230769231,0.8461538461538461,0.8227116633271289
2.230769230769231,0.8717948717948718,0.8216431400826342
2.230769230769231,0.8974358974358974,0.8206020481659865
2.230769230769231,0.923076923076923,0.8195834663727136
2.230769230769231,0.9487179487179487,0.8185816830641433
2.230769230769231,0.9743589743589743,0.8175903591471413
2.230769230769231,1.0,0.8166023139058731
2.282051282051282,0.0,0.3643446929399651
2.282051282051282,0.02564102564102564,0.4144316027159036
2.282051282051282,0.05128205128205128,0.5097220200586876
2.282051282051282,0.07692307692307693,0.5921704038192745
2.282051282051282,0.10256410256410256,0.6598058106242404
2.282051282051282,0.1282051282051282,0.7128783595893443
2.282051282051282,0.15384615384615385,0.7530885204344352
2.282051282051282,0.1794871794871795,0.7827363461957679
2.282051282051282,0.20512820512820512,0.804123248263044
2.282051282051282,0.23076923076923075,0.8192502722389854
2.282051282051282,0.2564102564102564,0.8297265786171888
2.282051282051282,0.28205128205128205,0.836789160909463
2.282051282051282,0.3076923076923077,0.8413637906480034
2.282051282051282,0.3333333333333333,0.8441333105164901
2.282051282051282,0.358974358974359,0.845598375854558
2.282051282051282,0.3846153846153846,0.8461236211384268
2.282051282051282,0.41025641025641024,0.8459759411665668
2.282051282051282,0.4358974358974359,0.8453497091185216
2.282051282051282,0.4615384615384615,0.8443878864484368
2.282051282051282,0.48717948717948717,0.8431948670539865
2.282051282051282,0.5128205128205128,0.8418473381016748
2.282051282051282,0.5384615384615384,0.8404016668998966
2.282051282051282,0.5641025641025641,0.8388990539794885
2.282051282051282,0.5897435897435898,0.8373694568145574
2.282051282051282,0.6153846153846154,0.8358345913185407
2.282051282051282,0.641025641025641,0.834309840057748
2.282051282051282,0.6666666666666666,0.8328059379961624
2.282051282051282,0.6923076923076923,0.8313298972263242
2.282051282051282,0.717948717948718,0.8298861231287082
2.282051282051282,0.7435897435897436,0.8284768398341473
2.282051282051282,0.7692307692307692,0.8271025987500374
2.282051282051282,0.7948717948717948,0.8257626013984802
2.282051282051282,0.8205128205128205,0.8244550051426215
2.282051282051282,0.8461538461538461,0.8231770966041352
2.282051282051282,0.8717948717948718,0.8219252700181716
2.282051282051282,0.8974358974358974,0.820695284793158
2.282051282051282,0.923076923076923,0.8194821741091487
2.282051282051282,0.9487179487179487,0.8182802897465227
2.282051282051282,0.9743589743589743,0.8170833008023197
2.282051282051282,1.0,0.8158840823277502
2.333333333333333,0.0,0.3643446929399651
2.333333333333333,0.02564102564102564,0.4128595979937875
2.333333333333333,0.05128205128205128,0.5063968859981118
2.333333333333333,0.07692307692307693,0.5867818396171696
2.333333333333333,0.10256410256410256,0.652064080356033
2.333333333333333,0.1282051282051282,0.7026308290007002
2.333333333333333,0.15384615384615385,0.740351758982449
2.333333333333333,0.1794871794871795,0.7676650917928706
2.333333333333333,0.20512820512820512,0.7869530684848142
2.333333333333333,0.23076923076923075,0.8002479214398546
2.333333333333333,0.2564102564102564,0.8091563005126303
2.333333333333333,0.28205128205128205,0.8148942449951257
2.333333333333333,0.3076923076923077,0.8183587341329961
2.333333333333333,0.3333333333333333,0.8202033434209536
2.333333333333333,0.358974358974359,0.8208999805837797
2.333333333333333,0.3846153846153846,0.8207890221881243
2.333333333333333,0.41025641025641024,0.8201160704985
2.333333333333333,0.4358974358974359,0.8190581941960838
2.333333333333333,0.4615384615384615,0.8177434220906075
2.333333333333333,0.48717948717948717,0.8162644908760116
2.333333333333333,0.5128205128205128,0.814688115181947
2.333333333333333,0.5384615384615384,0.8130626883264002
2.333333333333333,0.5641025641025641,0.8114228188740842
2.333333333333333,0.5897435897435898,0.8097933603360941
2.333333333333333,0.6153846153846154,0.8081916381071901
2.333333333333333,0.641025641025641,0.8066296007869231
2.333333333333333,0.6666666666666666,0.8051150098299176
2.333333333333333,0.6923076923076923,0.8036528232695833
2.333333333333333,0.717948717948718,0.8022455820947082
2.333333333333333,0.7435897435897436,0.8008941768189607
2.333333333333333,0.7692307692307692,0.7995981580606255
2.333333333333333,0.7948717948717948,0.7983560733770905
2.333333333333333,0.8205128205128205,0.7971656156731821
2.333333333333333,0.8461538461538461,0.7960238622750262
2.333333333333333,0.8717948717948718,0.7949272460845622
2.333333333333333,0.8974358974358974,0.7938717911247911
2.333333333333333,0.923076923076923,0.7928529857654588
2.333333333333333,0.9487179487179487,0.791865820149278
2.333333333333333,0.9743589743589743,0.7909047818343827
2.333333333333333,1.0,0.7899637953367554
2.3846153846153846,0.0,0.3643446929399651
2.3846153846153846,0.02564102564102564,0.41395825959201593
2.3846153846153846,0.05128205128205128,0.5085333182856194
2.3846153846153846,0.07692307692307693,0.5898459848509068
2.3846153846153846,0.10256410256410256,0.6559161784695947
2.3846153846153846,0.1282051282051282,0.7071223718289588
2.3846153846153846,0.15384615384615385,0.7453416757259996
2.3846153846153846,0.1794871794871795,0.7730291257590732
2.3846153846153846,0.20512820512820512,0.7925867711106946
2.3846153846153846,0.23076923076923075,0.80606556840148
2.3846153846153846,0.2564102564102564,0.8150890877600857
2.3846153846153846,0.28205128205128205,0.8208868845953098
2.3846153846153846,0.3076923076923077,0.8243670434926421
2.3846153846153846,0.3333333333333333,0.8261912158115271
2.3846153846153846,0.358974358974359,0.826837996195536
2.3846153846153846,0.3846153846153846,0.8266527511123719
2.3846153846153846,0.41025641025641024,0.8258849218038891
2.3846153846153846,0.4358974358974359,0.8247141725730279
2.3846153846153846,0.4615384615384615,0.8232711560324227
2.3846153846153846,0.48717948717948717,0.821649834260177
2.3846153846153846,0.5128205128205128,0.8199184485227277
2.3846153846153846,0.5384615384615384,0.8181262190616244
2.3846153846153846,0.5641025641025641,0.81630846942288
2.3846153846153846,0.5897435897435898,0.814490425638261
2.3846153846153846,0.6153846153846154,0.812689643939798
2.3846153846153846,0.641025641025641,0.8109183287695237
2.3846153846153846,0.6666666666666666,0.8091842500705833
2.3846153846153846,0.6923076923076923,0.8074922585050341
2.3846153846153846,0.717948717948718,0.8058447640926745
2.3846153846153846,0.7435897435897436,0.8042424535621874
2.3846153846153846,0.7692307692307692,0.8026845838409481
2.3846153846153846,0.7948717948717948,0.8011692261582678
2.3846153846153846,0.8205128205128205,0.7996937414557882
2.3846153846153846,0.8461538461538461,0.7982547025660831
2.3846153846153846,0.8717948717948718,0.7968480231173787
2.3846153846153846,0.8974358974358974,0.7954690724181619
2.3846153846153846,0.923076923076923,0.7941126946578684
2.3846153846153846,0.9487179487179487,0.792773127158576
2.3846153846153846,0.9743589743589743,0.79144410410148
2.3846153846153846,1.0,0.7901186460598689
2.435897435897436,0.0,0.3643446929399651
2.435897435897436,0.02564102564102564,0.4127578852432562
2.435897435897436,0.05128205128205128,0.5058431096381619
2.435897435897436,0.07692307692307693,0.5852119202372362
2.435897435897436,0.10256410256410256,0.6489245012184066
2.435897435897436,0.1282051282051282,0.6975481379570581
2.435897435897436,0.15384615384615385,0.7331824887905771
2.435897435897436,0.1794871794871795,0.7584531144034106
2.435897435897436,0.20512820512820512,0.7758591203314922
2.435897435897436,0.23076923076923075,0.787485722812725
2.435897435897436,0.2564102564102564,0.7949504075868143
2.435897435897436,0.28205128205128205,0.7994565684551973
2.435897435897436,0.3076923076923077,0.8018779660269629
2.435897435897436,0.3333333333333333,0.8028416145951445
2.435897435897436,0.358974358974359,0.8027945510130299
2.435897435897436,0.3846153846153846,0.8020546141015074
2.435897435897436,0.41025641025641024,0.800848183870928
2.435897435897436,0.4358974358974359,0.7993360470364242
2.435897435897436,0.4615384615384615,0.7976328850414828
2.435897435897436,0.48717948717948717,0.795820299844727
2.435897435897436,0.5128205128205128,0.7939561569502054
2.435897435897436,0.5384615384615384,0.7920813444582924
2.435897435897436,0.5641025641025641,0.7902245118598509
2.435897435897436,0.5897435897435898,0.7884054552251235
2.435897435897436,0.6153846153846154,0.7866373637236415
2.435897435897436,0.641025641025641,0.7849287962695747
2.435897435897436,0.6666666666666666,0.7832848815272759
2.435897435897436,0.6923076923076923,0.7817081408780373
2.435897435897436,0.717948717948718,0.7801992453170944
2.435897435897436,0.7435897435897436,0.7787574161298618
2.435897435897436,0.7692307692307692,0.7773809680653411
2.435897435897436,0.7948717948717948,0.7760672329201099
2.435897435897436,0.8205128205128205,0.7748130390689362
2.435897435897436,0.8461538461538461,0.773614676330548
2.435897435897436,0.8717948717948718,0.7724680003279955
2.435897435897436,0.8974358974358974,0.771368454817922
2.435897435897436,0.923076923076923,0.770311101671725
2.435897435897436,0.9487179487179487,0.7692906034140016
2.435897435897436,0.9743589743589743,0.7683011679680843
2.435897435897436,1.0,0.7673364909898186
2.4871794871794872,0.0,0.3643446929399651
2.4871794871794872,0.02564102564102564,0.41398945071408716
2.4871794871794872,0.05128205128205128,0.5081895193885121
2.4871794871794872,0.07692307692307693,0.5884930540516888
2.4871794871794872,0.10256410256410256,0.6529398216662372
2.4871794871794872,0.1282051282051282,0.7021115848535934
2.4871794871794872,0.15384615384615385,0.7381394493035738
2.4871794871794872,0.1794871794871795,0.763682211036832
2.4871794871794872,0.20512820512820512,0.7812684125794648
2.4871794871794872,0.23076923076923075,0.7930053733596358
2.4871794871794872,0.2564102564102564,0.8005274742964362
2.4871794871794872,0.28205128205128205,0.8050499394554805
2.4871794871794872,0.3076923076923077,0.8074554046746191
2.4871794871794872,0.3333333333333333,0.8083771999259206
2.4871794871794872,0.358974358974359,0.8082666898583141
2.4871794871794872,0.3846153846153846,0.8074451337155976
2.4871794871794872,0.41025641025641024,0.8061413539594898
2.4871794871794872,0.4358974358974359,0.804517824928244
2.4871794871794872,0.4615384615384615,0.802690530579935
2.4871794871794872,0.48717948717948717,0.8007420284948474
2.4871794871794872,0.5128205128205128,0.7987307383977955
2.4871794871794872,0.5384615384615384,0.7966980334545518
2.4871794871794872,0.5641025641025641,0.7946727161823418
2.4871794871794872,0.5897435897435898,0.7926746646657397
2.4871794871794872,0.6153846153846154,0.7907170961193559
2.4871794871794872,0.641025641025641,0.7888083535902292
2.4871794871794872,0.6666666666666666,0.7869533221784926
2.4871794871794872,0.6923076923076923,0.7851541492111851
2.4871794871794872,0.717948717948718,0.7834110976823397
2.4871794871794872,0.7435897435897436,0.7817228900315712
2.4871794871794872,0.7692307692307692,0.7800871712677451
2.4871794871794872,0.7948717948717948,0.7785006610686283
2.4871794871794872,0.8205128205128205,0.7769594028344596
2.4871794871794872,0.8461538461538461,0.7754587683287014
2.4871794871794872,0.8717948717948718,0.7739936787957372
2.4871794871794872,0.8974358974358974,0.7725584962873028
2.4871794871794872,0.923076923076923,0.7711470640472724
2.4871794871794872,0.9487179487179487,0.7697527294954053
2.4871794871794872,0.9743589743589743,0.7683682060962205
2.4871794871794872,1.0,0.7669855603401964
2.5384615384615383,0.0,0.3643446929399651
2.5384615384615383,0.02564102564102564,0.41264582590196824
2.5384615384615383,0.05128205128205128,0.5052468871689695
2.5384615384615383,0.07692307692307693,0.5835574541395184
2.5384615384615383,0.10256410256410256,0.6456721858501936
2.5384615384615383,0.1282051282051282,0.6923603074843874
2.5384615384615383,0.15384615384615385,0.7259589904994139
2.5384615384615383,0.1794871794871795,0.7492769038531822
2.5384615384615383,0.20512820512820512,0.7649174722314614
2.5384615384615383,0.23076923076923075,0.7750073531420326
2.5384615384615383,0.2564102564102564,0.7811650317575305
2.5384615384615383,0.28205128205128205,0.7845743979319808
2.5384615384615383,0.3076923076923077,0.786082117281705
2.5384615384615383,0.3333333333333333,0.7862869329852819
2.5384615384615383,0.358974358974359,0.7856097376053047
2.5384615384615383,0.3846153846153846,0.7843458531074382
2.5384615384615383,0.41025641025641024,0.7827025209826277
2.5384615384615383,0.4358974358974359,0.7808250815531477
2.5384615384615383,0.4615384615384615,0.7788152419752906
2.5384615384615383,0.48717948717948717,0.7767441189645625
2.5384615384615383,0.5128205128205128,0.7746612011970889
2.5384615384615383,0.5384615384615384,0.7726002628827509
2.5384615384615383,0.5641025641025641,0.7705844611982722
2.5384615384615383,0.5897435897435898,0.7686286718908123
2.5384615384615383,0.6153846153846154,0.7667423160750765
2.5384615384615383,0.641025641025641,0.7649307310923024
2.5384615384615383,0.6666666666666666,0.7631962376669451
2.5384615384615383,0.6923076923076923,0.7615390060246636
2.5384615384615383,0.717948717948718,0.759957715997502
2.5384615384615383,0.7435897435897436,0.7584498241806077
2.5384615384615383,0.7692307692307692,0.7570120358348439
2.5384615384615383,0.7948717948717948,0.7556402575411876
2.5384615384615383,0.8205128205128205,0.7543299697223892
2.5384615384615383,0.8461538461538461,0.7530761987488566
2.5384615384615383,0.8717948717948718,0.7518735058481506
2.5384615384615383,0.8974358974358974,0.7507161299090828
2.5384615384615383,0.923076923076923,0.7495978714517775
2.5384615384615383,0.9487179487179487,0.7485119989857189
2.5384615384615383,0.9743589743589743,0.7474513392558151
2.5384615384615383,1.0,0.7464079975346273
2.5897435897435894,0.0,0.3643446929399651
2.5897435897435894,0.02564102564102564,0.41391295185734256
2.5897435897435894,0.05128205128205128,0.5076757917537421
2.5897435897435894,0.07692307692307693,0.5869772951564527
2.5897435897435894,0.10256410256410256,0.649886390330587
2.5897435897435894,0.1282051282051282,0.6971811621231001
2.5897435897435894,0.15384615384615385,0.731225554058738
2.5897435897435894,0.1794871794871795,0.7548593430254372
2.5897435897435894,0.20512820512820512,0.7707150900711733
2.5897435897435894,0.23076923076923075,0.7809422795733402
2.5897435897435894,0.2564102564102564,0.7871770422301533
2.5897435897435894,0.28205128205128205,0.7906165157592535
2.5897435897435894,0.3076923076923077,0.7921172773203793
2.5897435897435894,0.3333333333333333,0.7922853560130532
2.5897435897435894,0.358974358974359,0.7915468474411935
2.5897435897435894,0.3846153846153846,0.7902011700852707
2.5897435897435894,0.41025641025641024,0.7884584811914435
2.5897435897435894,0.4358974358974359,0.7864660726189523
2.5897435897435894,0.4615384615384615,0.7843273513107424
2.5897435897435894,0.48717948717948717,0.7821146514287728
2.5897435897435894,0.5128205128205128,0.7798780696683364
2.5897435897435894,0.5384615384615384,0.7776521603636268
2.5897435897435894,0.5641025641025641,0.7754601548545572
2.5897435897435894,0.5897435897435898,0.7733172731015886
2.5897435897435894,0.6153846153846154,0.7712329003368783
2.5897435897435894,0.641025641025641,0.769212228788135
2.5897435897435894,0.6666666666666666,0.7672574355119994
2.5897435897435894,0.6923076923076923,0.7653683005060719
2.5897435897435894,0.717948717948718,0.763543175414712
2.5897435897435894,0.7435897435897436,0.7617789849754039
2.5897435897435894,0.7692307692307692,0.7600718089018901
2.5897435897435894,0.7948717948717948,0.7584169643188241
2.5897435897435894,0.8205128205128205,0.7568091567140683
2.5897435897435894,0.8461538461538461,0.7552425565770258
2.5897435897435894,0.8717948717948718,0.7537107758457309
2.5897435897435894,0.8974358974358974,0.7522070270204435
2.5897435897435894,0.923076923076923,0.7507239096260533
2.5897435897435894,0.9487179487179487,0.7492534845878719
2.5897435897435894,0.9743589743589743,0.7477870755985528
2.5897435897435894,1.0,0.7463152744150109
2.641025641025641,0.0,0.3643446929399651
2.641025641025641,0.02564102564102564,0.4120879657210848
2.641025641025641,0.05128205128205128,0.503941754248593
2.641025641025641,0.07692307692307693,0.5811794405767257
2.641025641025641,0.10256410256410256,0.6419110588254046
2.641025641025641,0.1282051282051282,0.6870356889749922
2.641025641025641,0.15384615384615385,0.719043884652766
2.641025641025641,0.1794871794871795,0.7408612576848161
2.641025641025641,0.20512820512820512,0.7551567284098529
2.641025641025641,0.23076923076923075,0.7640779517726476
2.641025641025641,0.2564102564102564,0.7692396070230912
2.641025641025641,0.28205128205128205,0.7718082620286401
2.641025641025641,0.3076923076923077,0.7726093013761797
2.641025641025641,0.3333333333333333,0.7722201467672777
2.641025641025641,0.358974358974359,0.771042414992161
2.641025641025641,0.3846153846153846,0.7693548953494128
2.641025641025641,0.41025641025641024,0.7673509920194561
2.641025641025641,0.4358974358974359,0.765164355468528
2.641025641025641,0.4615384615384615,0.762887704889193
2.641025641025641,0.48717948717948717,0.7605845427091277
2.641025641025641,0.5128205128205128,0.758298029833278
2.641025641025641,0.5384615384615384,0.7560570619207768
2.641025641025641,0.5641025641025641,0.7538804485646462
2.641025641025641,0.5897435897435898,0.7517798082784878
2.641025641025641,0.6153846153846154,0.7497616856514054
2.641025641025641,0.641025641025641,0.7478289717168042
2.641025641025641,0.6666666666666666,0.7459819882278149
2.641025641025641,0.6923076923076923,0.7442192407437843
2.641025641025641,0.717948717948718,0.7425378252190302
2.641025641025641,0.7435897435897436,0.7409339594333382
2.641025641025641,0.7692307692307692,0.7394031102900613
2.641025641025641,0.7948717948717948,0.737940181545872
2.641025641025641,0.8205128205128205,0.7365396787629996
2.641025641025641,0.8461538461538461,0.7351956483741698
2.641025641025641,0.8717948717948718,0.7339018312778748
2.641025641025641,0.8974358974358974,0.7326515579649417
2.641025641025641,0.923076923076923,0.7314377177849914
2.641025641025641,0.9487179487179487,0.7302527094735889
2.641025641025641,0.9743589743589743,0.7290883843382513
2.641025641025641,1.0,0.7279358425946795
2.6923076923076925,0.0,0.3643446929399651
2.6923076923076925,0.02564102564102564,0.4128134167549917
2.6923076923076925,0.05128205128205128,0.5053275027291426
2.6923076923076925,0.07692307692307693,0.5831062811146872
2.6923076923076925,0.10256410256410256,0.644237621306498
2.6923076923076925,0.1282051282051282,0.6896283181699154
2.6923076923076925,0.15384615384615385,0.7217927942833938
2.6923076923076925,0.1794871794871795,0.7436833820013787
2.6923076923076925,0.20512820512820512,0.7579920917582609
2.6923076923076925,0.23076923076923075,0.7668841486926983
2.6923076923076925,0.2564102564102564,0.7719862596132341
2.6923076923076925,0.28205128205128205,0.7744737332567418
2.6923076923076925,0.3076923076923077,0.7751772037505553
2.6923076923076925,0.3333333333333333,0.7746780688157634
2.6923076923076925,0.358974358974359,0.7733801347689668
2.6923076923076925,0.3846153846153846,0.7715640239451453
2.6923076923076925,0.41025641025641024,0.7694238810122085
2.6923076923076925,0.4358974358974359,0.7670944228845454
2.6923076923076925,0.4615384615384615,0.7646685894484612
2.6923076923076925,0.48717948717948717,0.7622100536384995
2.6923076923076925,0.5128205128205128,0.7597621919318113
2.6923076923076925,0.5384615384615384,0.7573537419750527
2.6923076923076925,0.5641025641025641,0.755003568681039
2.6923076923076925,0.5897435897435898,0.7527230721372588
2.6923076923076925,0.6153846153846154,0.750518659320101
2.6923076923076925,0.641025641025641,0.7483929001170442
2.6923076923076925,0.6666666666666666,0.7463459983777487
2.6923076923076925,0.6923076923076923,0.7443759998363971
2.6923076923076925,0.717948717948718,0.7424797882195074
2.6923076923076925,0.7435897435897436,0.7406531888084291
2.6923076923076925,0.7692307692307692,0.738891326879866
2.6923076923076925,0.7948717948717948,0.7371887025739906
2.6923076923076925,0.8205128205128205,0.7355393287431259
2.6923076923076925,0.8461538461538461,0.7339368915735817
2.6923076923076925,0.8717948717948718,0.7323746037825203
2.6923076923076925,0.8974358974358974,0.7308453183258887
2.6923076923076925,0.923076923076923,0.7293414168355473
2.6923076923076925,0.9487179487179487,0.7278547568126389
2.6923076923076925,0.9743589743589743,0.7263766249606259
2.6923076923076925,1.0,0.7248975467678519
2.7435897435897436,0.0,0.3643446929399651
2.7435897435897436,0.02564102564102564,0.4106044442169688
2.7435897435897436,0.05128205128205128,0.5008946066968653
2.7435897435897436,0.07692307692307693,0.576395007279837
2.7435897435897436,0.10256410256410256,0.6352334293660596
2.7435897435897436,0.1282051282051282,0.6784162063497646
2.7435897435897436,0.15384615384615385,0.7085569385782085
2.7435897435897436,0.1794871794871795,0.7286710028198626
2.7435897435897436,0.20512820512820512,0.7414692415159636
2.7435897435897436,0.23076923076923075,0.7491056136938348
2.7435897435897436,0.2564102564102564,0.7531794912692004
2.7435897435897436,0.28205128205128205,0.7548336857635854
2.7435897435897436,0.3076923076923077,0.7548673899799851
2.7435897435897436,0.3333333333333333,0.7538335866620415
2.7435897435897436,0.358974358974359,0.7521122285078434
2.7435897435897436,0.3846153846153846,0.7499645566492378
2.7435897435897436,0.41025641025641024,0.7475686207812151
2.7435897435897436,0.4358974358974359,0.7450465495801374
2.7435897435897436,0.4615384615384615,0.7424809880578558
2.7435897435897436,0.48717948717948717,0.7399276457244417
2.7435897435897436,0.5128205128205128,0.7374231759924643
2.7435897435897436,0.5384615384615384,0.7349914413331475
2.7435897435897436,0.5641025641025641,0.7326470545521073
2.7435897435897436,0.5897435897435898,0.7303983043105011
2.7435897435897436,0.6153846153846154,0.7282489395581103
2.7435897435897436,0.641025641025641,0.7261996126349479
2.7435897435897436,0.6666666666666666,0.7242489143814682
2.7435897435897436,0.6923076923076923,0.7223938500306757
2.7435897435897436,0.717948717948718,0.7206304319339754
2.7435897435897436,0.7435897435897436,0.7189539261325931
2.7435897435897436,0.7692307692307692,0.717359176869285
2.7435897435897436,0.7948717948717948,0.7158405444017579
2.7435897435897436,0.8205128205128205,0.714392204130691
2.7435897435897436,0.8461538461538461,0.7130081031396908
2.7435897435897436,0.8717948717948718,0.7116819192346735
2.7435897435897436,0.8974358974358974,0.710407132973182
2.7435897435897436,0.923076923076923,0.7091769303603177
2.7435897435897436,0.9487179487179487,0.7079841340256745
2.7435897435897436,0.9743589743589743,0.706821187609877
2.7435897435897436,1.0,0.7056799453835069
2.7948717948717947,0.0,0.3643446929399651
2.7948717948717947,0.02564102564102564,0.41061072885037436
2.7948717948717947,0.05128205128205128,0.5010062327138523
2.7948717948717947,0.07692307692307693,0.5767234820281948
2.7948717948717947,0.10256410256410256,0.6358541919598163
2.7948717948717947,0.1282051282051282,0.679348402640569
2.7948717948717947,0.15384615384615385,0.709772285315763
2.7948717948717947,0.1794871794871795,0.7301143976610645
2.7948717948717947,0.20512820512820512,0.7430778471817864
2.7948717948717947,0.23076923076923075,0.7508193514392546
2.7948717948717947,0.2564102564102564,0.7549460639746425
2.7948717948717947,0.28205128205128205,0.7566098108578078
2.7948717948717947,0.3076923076923077,0.756618024408575
2.7948717948717947,0.3333333333333333,0.7555305716011808
2.7948717948717947,0.358974358974359,0.7537329082499105
2.7948717948717947,0.3846153846153846,0.7514904501308285
2.7948717948717947,0.41025641025641024,0.7489848081877104
2.7948717948717947,0.4358974358974359,0.7463403740371461
2.7948717948717947,0.4615384615384615,0.7436417042012611
2.7948717948717947,0.48717948717948717,0.7409458474996986
2.7948717948717947,0.5128205128205128,0.7382906226847773
2.7948717948717947,0.5384615384615384,0.7357003998962991
2.7948717948717947,0.5641025641025641,0.7331904463264802
2.7948717948717947,0.5897435897435898,0.7307693185233879
2.7948717948717947,0.6153846153846154,0.7284410604065943
2.7948717948717947,0.641025641025641,0.7262064901317612
2.7948717948717947,0.6666666666666666,0.7240641209214084
2.7948717948717947,0.6923076923076923,0.7220109998440286
2.7948717948717947,0.717948717948718,0.72004308190148
2.7948717948717947,0.7435897435897436,0.7181555659962828
2.7948717948717947,0.7692307692307692,0.7163431308666979
2.7948717948717947,0.7948717948717948,0.7146000233047713
2.7948717948717947,0.8205128205128205,0.7129202474650387
2.7948717948717947,0.8461538461538461,0.7112975700624344
2.7948717948717947,0.8717948717948718,0.709725546403924
2.7948717948717947,0.8974358974358974,0.708197463653113
2.7948717948717947,0.923076923076923,0.706706408108515
2.7948717948717947,0.9487179487179487,0.7052450581422114
2.7948717948717947,0.9743589743589743,0.7038057804082569
2.7948717948717947,1.0,0.7023804324379259
2.846153846153846,0.0,0.3643446929399651
2.846153846153846,0.02564102564102564,0.40805620503562645
2.846153846153846,0.05128205128205128,0.49595661436168265
2.846153846153846,0.07692307692307693,0.5692399573567468
2.846153846153846,0.10256410256410256,0.6260366522848123
2.846153846153846,0.1282051282051282,0.6673649219528129
2.846153846153846,0.15384615384615385,0.6958551585645266
2.846153846153846,0.1794871794871795,0.7145291635915492
2.846153846153846,0.20512820512820512,0.7260905510517843
2.846153846153846,0.23076923076923075,0.7326759709688307
2.846153846153846,0.2564102564102564,0.7358614527208315
2.846153846153846,0.28205128205128205,0.7367655943909559
2.846153846153846,0.3076923076923077,0.736164757750131
2.846153846153846,0.3333333333333333,0.7345925329458755
2.846153846153846,0.358974358974359,0.7324119980833098
2.846153846153846,0.3846153846153846,0.7298703344414451
2.846153846153846,0.41025641025641024,0.7271348472879723
2.846153846153846,0.4358974358974359,0.7243180188974734
2.846153846153846,0.4615384615384615,0.7214953042201803
2.846153846153846,0.48717948717948717,0.7187163718633909
2.846153846153846,0.5128205128205128,0.7160132542711172
2.846153846153846,0.5384615384615384,0.713405668306407
2.846153846153846,0.5641025641025641,0.7109051675718905
2.846153846153846,0.5897435897435898,0.7085173916628502
2.846153846153846,0.6153846153846154,0.7062441963627053
2.846153846153846,0.641025641025641,0.7040844786856578
2.846153846153846,0.6666666666666666,0.7020355120329517
2.846153846153846,0.6923076923076923,0.7000933124400327
2.846153846153846,0.717948717948718,0.6982531372561899
2.846153846153846,0.7435897435897436,0.696509693413928
2.846153846153846,0.7692307692307692,0.6948574026314602
2.846153846153846,0.7948717948717948,0.6932905006754057
2.846153846153846,0.8205128205128205,0.6918031907633282
2.846153846153846,0.8461538461538461,0.6903895189247699
2.846153846153846,0.8717948717948718,0.6890435235276767
2.846153846153846,0.8974358974358974,0.6877591554410019
2.846153846153846,0.923076923076923,0.6865302979335286
2.846153846153846,0.9487179487179487,0.6853506003476296
2.846153846153846,0.9743589743589743,0.6842136031210772
2.846153846153846,1.0,0.6831124833395011
2.8974358974358974,0.0,0.3643446929399651
2.8974358974358974,0.02564102564102564,0.4075100601093421
2.8974358974358974,0.05128205128205128,0.49491930689596375
2.8974358974358974,0.07692307692307693,0.5678036321656956
2.8974358974358974,0.10256410256410256,0.6243007324014286
2.8974358974358974,0.1282051282051282,0.6654144534516278
2.8974358974358974,0.15384615384615385,0.6937532165462263
2.8974358974358974,0.1794871794871795,0.7123188796172422
2.8974358974358974,0.20512820512820512,0.723800613801368
2.8974358974358974,0.23076923076923075,0.7303251949538461
2.8974358974358974,0.2564102564102564,0.7334624290711214
2.8974358974358974,0.28205128205128205,0.734327178171317
2.8974358974358974,0.3076923076923077,0.7336934421168508
2.8974358974358974,0.3333333333333333,0.7320928598641748
2.8974358974358974,0.358974358974359,0.7298877692319966
2.8974358974358974,0.3846153846153846,0.7273244918010474
2.8974358974358974,0.41025641025641024,0.7245696847793703
2.8974358974358974,0.4358974358974359,0.7217355576604
2.8974358974358974,0.4615384615384615,0.7188972520736818
2.8974358974358974,0.48717948717948717,0.7161040593551506
2.8974358974358974,0.5128205128205128,0.7133879593863899
2.8974358974358974,0.5384615384615384,0.7107684557090522
2.8974358974358974,0.5641025641025641,0.7082570511518637
2.8974358974358974,0.5897435897435898,0.7058592833841166
2.8974358974358974,0.6153846153846154,0.7035769000623735
2.8974358974358974,0.641025641025641,0.7014088035323262
2.8974358974358974,0.6666666666666666,0.6993522235521934
2.8974358974358974,0.6923076923076923,0.6974031694419177
2.8974358974358974,0.717948717948718,0.6955568703498853
2.8974358974358974,0.7435897435897436,0.6938080787314022
2.8974358974358974,0.7692307692307692,0.6921512607493765
2.8974358974358974,0.7948717948717948,0.6905807048780004
2.8974358974358974,0.8205128205128205,0.689090640422591
2.8974358974358974,0.8461538461538461,0.6876752584432247
2.8974358974358974,0.8717948717948718,0.6863286874895016
2.8974358974358974,0.8974358974358974,0.6850449937224773
2.8974358974358974,0.923076923076923,0.6838182555558886
2.8974358974358974,0.9487179487179487,0.6826423040828498
2.8974358974358974,0.9743589743589743,0.6815109273378399
2.8974358974358974,1.0,0.6804175655614693
2.948717948717949,0.0,0.3643446929399651
2.948717948717949,0.02564102564102564,0.4053539061562487
2.948717948717949,0.05128205128205128,0.4907209610315964
2.948717948717949,0.07692307692307693,0.5617135887624792
2.948717948717949,0.10256410256410256,0.6164934045967861
2.948717948717949,0.1282051282051282,0.6560840502318508
2.948717948717949,0.15384615384615385,0.6831048783529627
2.948717948717949,0.1794871794871795,0.7005554355868595
2.948717948717949,0.20512820512820512,0.7111102807487695
2.948717948717949,0.23076923076923075,0.7168736347605755
2.948717948717949,0.2564102564102564,0.7193908946974941
2.948717948717949,0.28205128205128205,0.7197531216712438
2.948717948717949,0.3076923076923077,0.7187136104189741
2.948717948717949,0.3333333333333333,0.7167865661426872
2.948717948717949,0.358974358974359,0.7143196959529339
2.948717948717949,0.3846153846153846,0.7115476886528538
2.948717948717949,0.41025641025641024,0.7086279377576528
2.948717948717949,0.4358974358974359,0.7056653801278551
2.948717948717949,0.4615384615384615,0.702729082224504
2.948717948717949,0.48717948717948717,0.69986379861045
2.948717948717949,0.5128205128205128,0.6970974950606251
2.948717948717949,0.5384615384615384,0.6944469374168145
2.948717948717949,0.5641025641025641,0.6919211333199626
2.948717948717949,0.5897435897435898,0.6895236055955066
2.948717948717949,0.6153846153846154,0.6872546187242613
2.948717948717949,0.641025641025641,0.6851119154463509
2.948717948717949,0.6666666666666666,0.6830917643995303
2.948717948717949,0.6923076923076923,0.6811893357265134
2.948717948717949,0.717948717948718,0.6793993423111325
2.948717948717949,0.7435897435897436,0.6777161408766924
2.948717948717949,0.7692307692307692,0.6761339050465823
2.948717948717949,0.7948717948717948,0.6746467438073556
2.948717948717949,0.8205128205128205,0.6732487924052681
2.948717948717949,0.8461538461538461,0.6719342899454139
2.948717948717949,0.8717948717948718,0.6706974629300997
2.948717948717949,0.8974358974358974,0.6695325859263818
2.948717948717949,0.923076923076923,0.6684339723752695
2.948717948717949,0.9487179487179487,0.6673958293442238
2.948717948717949,0.9743589743589743,0.6664123892613483
2.948717948717949,1.0,0.6654775909880072
3.0,0.0,0.3643446929399651
3.0,0.02564102564102564,0.4040584303276551
3.0,0.05128205128205128,0.4881903127851109
3.0,0.07692307692307693,0.5580714586791531
3.0,0.10256410256410256,0.611900573808556
3.0,0.1282051282051282,0.6507083319743935
3.0,0.15384615384615385,0.6771035999051931
3.0,0.1794871794871795,0.6940640982147059
3.0,0.20512820512820512,0.7042406824584282
3.0,0.23076923076923075,0.709715244624173
3.0,0.2564102564102564,0.7120144632286636
3.0,0.28205128205128205,0.7122139869358038
3.0,0.3076923076923077,0.7110553369104686
3.0,0.3333333333333333,0.709043528238449
3.0,0.358974358974359,0.7065191550154787
3.0,0.3846153846153846,0.7037115643421484
3.0,0.41025641025641024,0.7007740711393495
3.0,0.4358974358974359,0.6978083523100463
3.0,0.4615384615384615,0.6948811308479543
3.0,0.48717948717948717,0.692035234852082
3.0,0.5128205128205128,0.6892971979737861
3.0,0.5384615384615384,0.6866825751883084
3.0,0.5641025641025641,0.684199517193944
3.0,0.5897435897435898,0.6818509036834509
3.0,0.6153846153846154,0.6796364552460026
3.0,0.641025641025641,0.6775534713836676
3.0,0.6666666666666666,0.6755978885707348
3.0,0.6923076923076923,0.6737647049937592
3.0,0.717948717948718,0.6720484923386634
3.0,0.7435897435897436,0.6704434099389344
3.0,0.7692307692307692,0.6689436687925995
3.0,0.7948717948717948,0.6675432936469659
3.0,0.8205128205128205,0.6662365015445217
3.0,0.8461538461538461,0.6650176015693264
3.0,0.8717948717948718,0.6638808723159312
3.0,0.8974358974358974,0.6628207436796604
3.0,0.923076923076923,0.6618316378547497
3.0,0.9487179487179487,0.6609080077695092
3.0,0.9743589743589743,0.6600442460749015
3.0,1.0,0.6592345442478891
